Mon super auteur,Ma super description
Mon super auteur,Ma super description
Mon super auteur,Ma super description
Mon super auteur,Ma super description
Mon super auteur,Ma super description
,
,
,
,
,
,
@author,@content
super_auteur,super gossip
super_auteur,super gossip
,
,
,
"",""
,
,
,
,
,
,
,
,
,
,
,
,
,
,
"",""
"",""
"",""
lol,lolilol
lol,lolilol
lol,lolilol
jp,lapute
jp,lapute
jpppm,lolilo
"",""
"",""
"",""
"",""
"",""
"",""
"",""
"",""
"",""
"",""
"",""
"",""
"",""
"",""
"",""
"",""
,
,
"",""
"",""
"",""
"",""
,
"",""
"",""
"",""
"",""
"",""
